<?xml version="1.0" encoding="UTF-8"?>
<project-private xmlns="http://www.netbeans.org/ns/project-private/1">
    <editor-bookmarks xmlns="http://www.netbeans.org/ns/editor-bookmarks/2" lastBookmarkId="0"/>
    <open-files xmlns="http://www.netbeans.org/ns/projectui-open-files/2">
        <group>
            <file>file:/C:/Users/jonam/OneDrive/Escritorio/6to%20SEMESTRE/Micros/Labs/LAB10/main10.X/main10lab.c</file>
            <file>file:/C:/Users/jonam/OneDrive/Escritorio/6to%20SEMESTRE/Micros/Labs/LAB10/main10.X/main10casa.c</file>
        </group>
    </open-files>
</project-private>
